,USD to CAD,CAD to USD
0,1.3294085432639648,0.7522142121524202
